{"cameraMode":{"drawMode":0,"name":"Shaded","section":"Shading Mode"},"sceneLighting":true,"audioPlay":false,"sceneViewState":{"m_AlwaysRefresh":false,"showFog":true,"showSkybox":true,"showFlares":true,"showImageEffects":true,"showParticleSystems":true,"showVisualEffectGraphs":true,"m_FxEnabled":true},"in2DMode":false,"pivot":{"x":5.586069583892822,"y":0.8623179793357849,"z":-2.3791463375091554},"rotation":{"x":-0.0746987983584404,"y":0.7432621717453003,"z":-0.08421202749013901,"w":-0.6594241261482239},"size":0.23364943265914918,"orthographic":false}